,stroke-style-loss,stroke-content-loss,stroke-tv-loss,stroke-curvature-loss
0,31.045343,3.5500555,395.56775,0.73302233
1,30.319054,3.43533,374.4917,0.6228835
2,29.59005,3.339037,354.95636,0.5262502
3,28.86763,3.2643266,336.70782,0.44354174
4,28.152794,3.2049499,319.33316,0.373751
5,27.424433,3.1503525,302.86386,0.31732732
6,26.695873,3.1084585,286.78012,0.27420837
7,25.96024,3.0725865,271.97177,0.24358234
8,25.216732,3.0477974,258.16592,0.22535445
9,24.477364,3.0281289,244.56978,0.21913572
10,23.730385,3.0116835,232.14265,0.22359997
11,22.992338,2.9995227,220.61691,0.2365888
12,22.238441,2.9887676,209.85165,0.2527041
13,21.49511,2.9850147,199.35922,0.26776016
14,20.763103,2.9867542,189.60742,0.2813639
15,20.026527,2.9901533,180.36171,0.29402736
16,19.289068,3.0022614,171.69618,0.3062276
17,18.588673,3.0114398,163.51413,0.31851524
18,17.936296,3.0268989,155.5302,0.3307842
19,17.305567,3.0406337,148.17764,0.34329402
20,16.695208,3.0563796,141.28596,0.3559287
21,16.112886,3.0760522,134.48494,0.3686249
22,15.582741,3.098882,128.3186,0.38086888
23,15.076186,3.1218736,122.38079,0.3925515
24,14.583391,3.1451194,116.74994,0.40368226
25,14.1142025,3.1659207,111.39692,0.41445884
26,13.687424,3.1793537,106.44828,0.42482176
27,13.27145,3.1977577,101.62473,0.43488196
28,12.877102,3.2175474,97.06798,0.4441058
29,12.511897,3.2334273,92.62514,0.45267913
30,12.179692,3.248646,88.66364,0.46048456
31,11.874235,3.2589898,84.89112,0.46785685
32,11.549717,3.272124,81.182175,0.47459507
33,11.257266,3.284099,77.498955,0.48093304
34,10.946149,3.2989383,74.05934,0.48671985
35,10.67232,3.3192394,70.953186,0.49179986
36,10.419561,3.3129485,68.15985,0.49610338
37,10.169794,3.3271985,65.309525,0.4998848
38,9.930866,3.334486,62.529247,0.5033003
39,9.682728,3.3458881,59.90048,0.50656927
40,9.440534,3.3577182,57.43807,0.509552
41,9.204945,3.3703637,55.14356,0.51213425
42,8.972447,3.377676,52.937355,0.51417416
43,8.746207,3.383375,50.8679,0.51581717
44,8.527629,3.3825023,48.862705,0.5173558
45,8.298182,3.3961356,47.106285,0.5185118
46,8.051277,3.407841,45.19719,0.51960826
47,7.8356223,3.4015894,43.630978,0.5203058
48,7.6071167,3.413525,42.02448,0.52115273
49,7.3849897,3.4260573,40.41236,0.5218649
50,7.160853,3.4343643,38.93607,0.5227652
51,6.951133,3.433623,37.586536,0.5237152
52,6.741144,3.4360147,36.25627,0.52441645
53,6.532503,3.4435396,35.127422,0.52472746
54,6.325344,3.4579713,33.852375,0.52482206
55,6.1381836,3.4638312,32.66665,0.5246263
56,5.9728794,3.4556518,31.645628,0.5239394
57,5.789991,3.4574547,30.62819,0.5230565
58,5.5914135,3.4610667,29.647545,0.5219637
59,5.412686,3.4550996,28.760284,0.5205306
60,5.2616973,3.4476824,27.821692,0.51879066
61,5.1028514,3.4573252,27.007116,0.5171156
62,4.967562,3.4611533,26.191103,0.51548153
63,4.8394217,3.4554577,25.407585,0.51351213
64,4.7260365,3.4457178,24.67069,0.5113458
65,4.6042347,3.4517524,23.93459,0.5093135
66,4.4887924,3.448223,23.251812,0.50633204
67,4.3967876,3.4405441,22.634521,0.503234
68,4.319455,3.4350142,22.020506,0.50040776
69,4.227063,3.4424808,21.459274,0.49782237
70,4.1427627,3.4318643,20.911196,0.49554175
71,4.0566344,3.4346676,20.360521,0.49309784
72,3.991554,3.4312234,19.836813,0.49023438
73,3.9479284,3.4198635,19.344433,0.4872828
74,3.8852577,3.4173906,18.874197,0.48464713
75,3.8329082,3.4115124,18.42909,0.48193172
76,3.7838595,3.4017055,17.975142,0.47927654
77,3.7414093,3.3960943,17.571331,0.47683418
78,3.6918519,3.39275,17.169708,0.47446147
79,3.6460018,3.389473,16.813305,0.47178087
80,3.6193385,3.3899326,16.437246,0.4691276
81,3.560668,3.38933,16.098818,0.46655867
82,3.504522,3.4001036,15.752534,0.46400258
83,3.4968202,3.3912072,15.4089365,0.4613933
84,3.4418745,3.3915503,15.070148,0.4590573
85,3.4169903,3.3960056,14.759157,0.45691612
86,3.392828,3.3822656,14.452703,0.45426378
87,3.3587394,3.3720531,14.170902,0.4515318
88,3.3196385,3.3684034,13.915568,0.4489999
89,3.2999032,3.3651276,13.651537,0.44680953
90,3.2842362,3.357719,13.418766,0.44455606
0,,,,,63434.21,12.75508
91,3.2395191,3.357216,13.185226,0.44235367,,
92,3.2212307,3.3565376,12.94425,0.44008708,,
93,3.2051587,3.351158,12.6942,0.43778035,,
94,3.175848,3.3608844,12.480745,0.43614918,,
95,3.1553671,3.3593333,12.252047,0.43413264,,
96,3.1586313,3.3589084,12.042,0.4321418,,
97,3.1303174,3.353925,11.836734,0.43008056,,
98,3.098583,3.3541284,11.648389,0.4281952,,
99,3.0701818,3.3617785,11.460653,0.4266075,,
1,61290.418,12.8333
2,59044.035,12.935881
3,56692.656,13.065203
4,54245.26,13.222282
5,51706.18,13.409426
6,49100.266,13.627161
7,46454.086,13.875607
8,43810.996,14.154797
9,41228.41,14.464075
10,38777.81,14.802822
11,36563.824,15.166605
12,34679.434,15.544399
13,33148.816,15.912842
14,31854.709,16.24067
15,30613.85,16.5037
16,29334.26,16.696768
17,28047.484,16.827534
18,26834.145,16.914015
19,25746.055,16.974483
20,24786.98,17.02444
21,23924.266,17.073872
22,23124.932,17.131113
23,22363.834,17.200039
24,21628.107,17.28327
25,20920.15,17.380226
26,20250.496,17.488142
27,19629.295,17.602125
28,19056.238,17.714346
29,18517.719,17.817978
30,17996.219,17.907593
31,17483.086,17.981133
32,16983.178,18.041672
33,16507.117,18.094929
34,16059.942,18.147358
35,15636.845,18.204292
36,15228.725,18.268955
37,14829.501,18.342377
38,14438.932,18.423307
39,14060.706,18.508743
40,13699.012,18.59452
41,13354.796,18.675735
42,13024.9,18.74846
43,12704.701,18.810623
44,12392.724,18.862623
45,12090.957,18.907795
46,11801.788,18.950481
47,11525.315,18.995
48,11259.153,19.044655
49,11001.121,19.101053
50,10750.883,19.163279
51,10509.991,19.228601
52,10279.385,19.29337
53,10058.462,19.354097
54,9845.499,19.408056
55,9639.221,19.454514
56,9439.721,19.494587
57,9247.935,19.531048
58,9064.021,19.567383
59,8887.174,19.606308
60,8716.419,19.649204
61,8551.429,19.695929
62,8392.526,19.744984
63,8239.822,19.79391
64,8093.0034,19.840319
65,7951.4756,19.882416
66,7814.9136,19.919746
67,7683.411,19.953297
68,7557.067,19.984488
69,7435.591,20.014868
70,7318.556,20.045593
71,7205.7427,20.076921
72,7097.112,20.108274
73,6992.7095,20.13879
74,6892.285,20.16719
75,6795.4766,20.193066
76,6702.193,20.216642
77,6612.342,20.238865
78,6525.855,20.260918
79,6442.6055,20.2838
80,6362.3354,20.307734
81,6284.925,20.332455
82,6210.319,20.357037
83,6138.373,20.380453
84,6068.971,20.402115
85,6001.94,20.421658
86,5937.1973,20.439484
87,5874.6455,20.456465
88,5814.2153,20.473455
89,5755.7485,20.490913
90,5699.175,20.508734
91,5644.4077,20.526531
92,5591.38,20.543669
93,5540.009,20.559797
94,5490.187,20.574818
95,5441.886,20.58886
96,5395.066,20.602219
97,5349.6313,20.61544
98,5305.5522,20.628605
99,5262.767,20.64154
100,5221.2036,20.654
101,5180.797,20.665737
102,5141.485,20.676731
103,5103.235,20.687159
104,5066.0044,20.697401
105,5029.7505,20.707838
106,4994.357,20.718561
107,4959.784,20.729406
108,4926.04,20.740025
109,4893.0645,20.75011
110,4860.8335,20.759346
111,4829.3237,20.767902
112,4798.4995,20.776012
113,4768.3394,20.784044
114,4738.813,20.792194
115,4709.9126,20.800394
116,4681.602,20.80842
117,4653.849,20.816132
118,4626.621,20.82334
119,4599.906,20.830065
120,4573.683,20.836626
121,4547.9507,20.843105
122,4522.6694,20.849642
123,4497.813,20.856205
124,4473.3657,20.862543
125,4449.291,20.868513
126,4425.6,20.873985
127,4402.284,20.879047
128,4379.342,20.884045
129,4356.7637,20.889166
130,4334.5464,20.89445
131,4312.662,20.899723
132,4291.1064,20.904781
133,4269.8633,20.909374
134,4248.9287,20.91349
135,4228.2783,20.917356
136,4207.894,20.921223
137,4187.797,20.925207
138,4167.9595,20.929317
139,4148.391,20.933287
140,4129.0835,20.936989
141,4110.02,20.940445
142,4091.2073,20.943861
143,4072.6353,20.947262
144,4054.3032,20.95068
145,4036.1792,20.954102
146,4018.2585,20.95744
147,4000.5388,20.96057
148,3983.0315,20.96342
149,3965.7266,20.966125
150,3948.6145,20.968925
151,3931.6934,20.971819
152,3914.9612,20.974825
153,3898.4126,20.977816
154,3882.0254,20.980618
155,3865.8154,20.983118
156,3849.7844,20.98544
157,3833.927,20.98783
158,3818.2314,20.990509
159,3802.695,20.993433
160,3787.3137,20.996407
161,3772.096,20.999115
162,3757.0388,21.001507
163,3742.1357,21.003561
164,3727.3735,21.005608
165,3712.7527,21.00774
166,3698.2686,21.009892
167,3683.9211,21.01189
168,3669.708,21.013815
169,3655.6355,21.015812
170,3641.6887,21.018093
171,3627.8718,21.020538
172,3614.1807,21.022919
173,3600.614,21.025028
174,3587.1626,21.026846
175,3573.8188,21.028612
176,3560.5889,21.030521
177,3547.479,21.032536
178,3534.4978,21.034542
179,3521.6316,21.036541
180,3508.8843,21.038492
181,3496.2463,21.040348
182,3483.7114,21.042192
183,3471.27,21.044088
184,3458.923,21.045984
185,3446.6746,21.047747
186,3434.5334,21.049255
187,3422.4988,21.050755
188,3410.5676,21.05246
189,3398.73,21.054316
190,3386.9917,21.056057
191,3375.343,21.057638
192,3363.7754,21.059216
193,3352.2947,21.060904
194,3340.8958,21.062672
195,3329.5747,21.064392
196,3318.339,21.066011
197,3307.185,21.067635
198,3296.105,21.069378
199,3285.1106,21.071102
200,3274.1956,21.072811
201,3263.3604,21.074577
202,3252.5981,21.07632
203,3241.9053,21.077919
204,3231.2832,21.07951
205,3220.7268,21.081097
206,3210.24,21.082561
207,3199.823,21.083883
208,3189.4648,21.085255
209,3179.1782,21.086803
210,3168.957,21.088402
211,3158.7983,21.089985
212,3148.7063,21.091446
213,3138.6838,21.092821
214,3128.7366,21.094069
215,3118.8604,21.095266
216,3109.052,21.096472
217,3099.3003,21.097727
218,3089.6094,21.099152
219,3079.9878,21.10078
220,3070.43,21.102404
221,3060.94,21.10386
222,3051.5146,21.105196
223,3042.1465,21.106428
224,3032.841,21.107548
225,3023.5996,21.108625
226,3014.4143,21.109673
227,3005.2834,21.110819
228,2996.2136,21.112122
229,2987.2102,21.1133
230,2978.2668,21.114447
231,2969.379,21.115587
232,2960.5464,21.116604
233,2951.768,21.117481
234,2943.0425,21.118557
235,2934.3665,21.11993
236,2925.743,21.121319
237,2917.172,21.122662
238,2908.6558,21.12394
239,2900.1938,21.125162
240,2891.7827,21.126282
241,2883.4224,21.12722
242,2875.1155,21.128233
243,2866.8562,21.129402
244,2858.6455,21.130695
245,2850.4863,21.131933
246,2842.3733,21.13309
247,2834.3096,21.134237
248,2826.2925,21.135231
249,2818.3135,21.136053
250,2810.3804,21.136932
251,2802.4924,21.138054
252,2794.6484,21.139349
253,2786.8467,21.140568
254,2779.0862,21.141756
255,2771.369,21.14291
256,2763.6926,21.143932
257,2756.0579,21.144917
258,2748.462,21.146004
259,2740.909,21.14737
260,2733.3977,21.148724
261,2725.9282,21.149887
262,2718.4932,21.150894
263,2711.0984,21.152037
264,2703.7437,21.153223
265,2696.4265,21.154194
266,2689.1455,21.154964
267,2681.902,21.156025
268,2674.6973,21.15722
269,2667.531,21.158169
270,2660.4006,21.159128
271,2653.304,21.160366
272,2646.2412,21.161459
273,2639.216,21.162054
274,2632.2312,21.162865
275,2625.2837,21.164207
276,2618.3713,21.16499
277,2611.4968,21.165459
278,2604.6523,21.166561
279,2597.8416,21.167955
280,2591.0652,21.168705
281,2584.3198,21.169449
282,2577.602,21.170761
283,2570.9182,21.171673
284,2564.269,21.171951
285,2557.653,21.172674
286,2551.068,21.173975
287,2544.5127,21.174932
288,2537.988,21.175606
289,2531.496,21.176723
290,2525.0378,21.17783
291,2518.6108,21.178509
292,2512.219,21.179281
293,2505.8562,21.180632
294,2499.5242,21.181553
295,2493.2258,21.182184
296,2486.956,21.18325
297,2480.7163,21.18435
298,2474.5044,21.184893
299,2468.3228,21.185589
300,2462.1665,21.186844
301,2456.0408,21.187876
302,2449.9414,21.188374
303,2443.8699,21.189138
304,2437.8257,21.190428
305,2431.8115,21.191158
306,2425.825,21.191462
307,2419.865,21.192478
308,2413.9329,21.193401
309,2408.0283,21.194103
310,2402.1519,21.194891
311,2396.3003,21.196022
312,2390.473,21.196869
313,2384.6694,21.197407
314,2378.8943,21.198303
315,2373.144,21.199255
316,2367.417,21.199968
317,2361.714,21.200796
318,2356.0376,21.201832
319,2350.3838,21.202663
320,2344.7551,21.203308
321,2339.1533,21.20391
322,2333.5723,21.204601
323,2328.0142,21.2051
324,2322.4783,21.205683
325,2316.965,21.206688
326,2311.4756,21.20758
327,2306.0105,21.208227
328,2300.566,21.209034
329,2295.1401,21.209871
330,2289.7368,21.210472
331,2284.3577,21.21117
332,2279.001,21.211926
333,2273.6692,21.212517
334,2268.3596,21.213173
335,2263.0745,21.213959
336,2257.8083,21.214556
337,2252.5635,21.21529
338,2247.338,21.21631
339,2242.1348,21.217003
340,2236.9534,21.217339
341,2231.7922,21.218256
342,2226.6538,21.219131
343,2221.5369,21.219585
344,2216.4446,21.220535
345,2211.3713,21.22146
346,2206.3167,21.22188
347,2201.284,21.22233
348,2196.2703,21.223248
349,2191.276,21.22394
350,2186.3013,21.224543
351,2181.348,21.225405
352,2176.4165,21.226234
353,2171.5063,21.226818
354,2166.6147,21.227457
355,2161.7405,21.228125
356,2156.883,21.228546
357,2152.0469,21.229176
358,2147.228,21.229877
359,2142.4272,21.230566
360,2137.6445,21.231382
361,2132.8777,21.232113
362,2128.1309,21.232729
363,2123.3997,21.233374
364,2118.6855,21.23406
365,2113.989,21.234682
366,2109.3057,21.23541
367,2104.6392,21.236265
368,2099.9907,21.236912
369,2095.3616,21.237461
370,2090.7483,21.238068
371,2086.152,21.238663
372,2081.5735,21.23936
373,2077.0125,21.240257
374,2072.466,21.240932
375,2067.9373,21.241488
376,2063.426,21.242207
377,2058.9307,21.24266
378,2054.4531,21.243088
379,2049.9922,21.243776
380,2045.5482,21.244316
381,2041.1178,21.244967
382,2036.7018,21.245764
383,2032.3037,21.24609
384,2027.9214,21.246542
385,2023.5549,21.24734
386,2019.2052,21.248005
387,2014.8713,21.24873
388,2010.5543,21.249546
389,2006.2506,21.25014
390,2001.9645,21.250645
391,1997.6926,21.251348
392,1993.4377,21.252182
393,1989.1974,21.252716
394,1984.9734,21.253235
395,1980.7657,21.253687
396,1976.574,21.25426
397,1972.3998,21.254944
398,1968.2397,21.255564
399,1964.0964,21.256233
400,1959.9683,21.256594
401,1955.854,21.25716
402,1951.7542,21.258028
403,1947.6678,21.258768
404,1943.599,21.259443
405,1939.5435,21.260284
406,1935.504,21.260689
407,1931.4797,21.261263
408,1927.4719,21.261833
409,1923.4762,21.262213
410,1919.4951,21.262768
411,1915.5278,21.263527
412,1911.5723,21.263987
413,1907.632,21.26463
414,1903.7032,21.26501
415,1899.7887,21.26535
416,1895.8871,21.266
417,1891.9972,21.266317
418,1888.1173,21.267145
419,1884.2543,21.26785
420,1880.4027,21.268469
421,1876.5623,21.269066
422,1872.7347,21.26953
423,1868.9192,21.27
424,1865.1155,21.270714
425,1861.3256,21.271477
426,1857.5477,21.271921
427,1853.7821,21.2725
428,1850.0271,21.27314
429,1846.285,21.273514
430,1842.5541,21.274418
431,1838.8373,21.27475
432,1835.1326,21.275387
433,1831.4409,21.275864
434,1827.7625,21.275953
435,1824.0917,21.27693
436,1820.4335,21.277317
437,1816.7869,21.277863
438,1813.1527,21.27877
439,1809.5297,21.279472
440,1805.9177,21.279911
441,1802.318,21.280704
442,1798.7305,21.28094
443,1795.1545,21.281355
444,1791.5896,21.282356
445,1788.0365,21.282822
446,1784.4951,21.283607
447,1780.9662,21.283955
448,1777.4484,21.284153
449,1773.9438,21.28488
450,1770.4481,21.285383
451,1766.9666,21.286116
452,1763.4963,21.28696
453,1760.037,21.287018
454,1756.5897,21.28792
455,1753.1517,21.288486
456,1749.7264,21.289011
457,1746.3115,21.289944
458,1742.9095,21.290024
459,1739.5166,21.290646
460,1736.1337,21.291674
461,1732.7618,21.292086
462,1729.4014,21.29274
463,1726.0519,21.293217
464,1722.7126,21.293425
465,1719.383,21.294226
466,1716.0648,21.294645
467,1712.7577,21.295238
468,1709.4612,21.296028
469,1706.1755,21.296404
470,1702.8992,21.297115
471,1699.6339,21.297544
472,1696.3783,21.29799
473,1693.134,21.29873
474,1689.9005,21.29902
475,1686.6774,21.299793
476,1683.4646,21.300354
477,1680.2634,21.301006
478,1677.0726,21.301819
479,1673.8916,21.301838
480,1670.7207,21.30257
481,1667.558,21.302977
482,1664.4073,21.30335
483,1661.2646,21.304237
484,1658.132,21.304472
485,1655.0093,21.305311
486,1651.8967,21.30571
487,1648.7961,21.3059
488,1645.7036,21.306911
489,1642.6212,21.307049
490,1639.5475,21.307734
491,1636.484,21.308369
492,1633.4331,21.308495
493,1630.3894,21.309822
494,1627.3552,21.30913
495,1624.3284,21.310898
496,1621.3138,21.310486
497,1618.306,21.311367
498,1615.308,21.31157
499,1612.3192,21.311945
500,1609.3379,21.312794
501,1606.3682,21.312988
502,1603.4072,21.313688
503,1600.4537,21.313404
504,1597.508,21.314337
505,1594.572,21.314833
506,1591.6449,21.315277
507,1588.7274,21.315983
508,1585.8174,21.316118
509,1582.9166,21.31689
510,1580.0228,21.317087
511,1577.1357,21.317722
512,1574.2594,21.31843
513,1571.3914,21.318644
514,1568.5305,21.319843
515,1565.6805,21.319815
516,1562.8368,21.320694
517,1560.0039,21.320831
518,1557.1776,21.321388
519,1554.361,21.322203
520,1551.5531,21.322004
521,1548.753,21.322918
522,1545.9615,21.322891
523,1543.1769,21.323784
524,1540.4016,21.323977
525,1537.6333,21.324871
526,1534.8743,21.324646
527,1532.1222,21.32538
528,1529.378,21.3254
529,1526.6421,21.326004
530,1523.9153,21.32716
531,1521.1962,21.326988
532,1518.483,21.328234
533,1515.7802,21.327393
534,1513.0793,21.32882
535,1510.39,21.328709
536,1507.7048,21.32984
537,1505.0292,21.330236
538,1502.3622,21.330318
539,1499.702,21.331108
540,1497.0502,21.331116
541,1494.4061,21.332298
542,1491.771,21.332077
543,1489.1431,21.333033
544,1486.5253,21.332947
545,1483.9143,21.334164
546,1481.3113,21.334192
547,1478.7136,21.334976
548,1476.1254,21.335037
549,1473.5437,21.335808
550,1470.9691,21.336313
551,1468.4006,21.336887
552,1465.8397,21.337234
553,1463.2863,21.3377
554,1460.74,21.33814
555,1458.2013,21.33868
556,1455.6694,21.339397
557,1453.1464,21.339668
558,1450.6293,21.34046
559,1448.1198,21.340397
560,1445.6158,21.341541
561,1443.1195,21.341316
562,1440.6282,21.342623
563,1438.1462,21.342302
564,1435.6688,21.34373
565,1433.2018,21.34321
566,1430.7379,21.344921
567,1428.2837,21.344086
568,1425.8353,21.345974
569,1423.3959,21.344954
570,1420.9598,21.346872
571,1418.5342,21.345789
572,1416.113,21.347694
573,1413.7018,21.34629
574,1411.2935,21.34872
575,1408.8975,21.34726
576,1406.5004,21.349941
577,1404.1166,21.348148
578,1401.735,21.350727
579,1399.3646,21.349026
580,1396.9952,21.351433
581,1394.6371,21.349953
582,1392.2837,21.352345
583,1389.9419,21.350544
584,1387.6027,21.35327
585,1385.2764,21.351105
586,1382.9491,21.354725
587,1380.6357,21.352022
588,1378.3196,21.355587
589,1376.0117,21.352737
590,1373.7002,21.35585
591,1371.4021,21.354477
592,1369.1111,21.35634
593,1366.8302,21.35589
594,1364.5548,21.356651
595,1362.2887,21.356989
596,1360.0302,21.357141
597,1357.7772,21.35816
598,1355.5355,21.357496
599,1353.3002,21.359829
600,1351.0842,21.357435
601,1348.8687,21.361782
602,1346.6711,21.357414
603,1344.4604,21.363297
604,1342.2638,21.35799
605,1340.0369,21.363983
606,1337.8184,21.36006
607,1335.6051,21.36304
608,1333.4191,21.363136
609,1331.2594,21.361515
610,1329.1088,21.365623
611,1326.9718,21.361074
612,1324.8088,21.367287
613,1322.6433,21.362406
614,1320.4623,21.36681
615,1318.3035,21.365108
616,1316.1693,21.365376
617,1314.051,21.367874
618,1311.946,21.36497
619,1309.8333,21.369564
620,1307.7219,21.365412
621,1305.5975,21.369553
622,1303.4852,21.367428
623,1301.3795,21.36912
624,1299.2921,21.37005
625,1297.2212,21.368227
626,1295.1472,21.37171
627,1293.0817,21.368458
628,1291.0063,21.372772
629,1288.936,21.369923
630,1286.8652,21.37261
631,1284.809,21.372015
632,1282.7661,21.372076
633,1280.7335,21.37415
634,1278.7109,21.37201
635,1276.6832,21.375568
636,1274.6617,21.372705
637,1272.6355,21.375788
638,1270.6196,21.374098
639,1268.6082,21.375874
640,1266.607,21.376034
641,1264.6135,21.376217
642,1262.6278,21.377327
643,1260.6508,21.376257
644,1258.6758,21.378674
645,1256.7094,21.376963
646,1254.742,21.379719
647,1252.783,21.377602
648,1250.8225,21.380337
649,1248.8702,21.37902
650,1246.9209,21.380978
651,1244.98,21.380104
652,1243.0426,21.381058
653,1241.1129,21.381226
654,1239.1871,21.381567
655,1237.2671,21.382318
656,1235.3531,21.381996
657,1233.4424,21.383364
658,1231.5393,21.38251
659,1229.6385,21.384487
660,1227.748,21.383034
661,1225.8578,21.385763
662,1223.9758,21.38351
663,1222.0942,21.386646
664,1220.2212,21.384253
665,1218.3456,21.387615
666,1216.4794,21.385391
667,1214.6128,21.38802
668,1212.7555,21.386356
669,1210.897,21.388428
670,1209.0476,21.38798
671,1207.204,21.388662
672,1205.3666,21.389082
673,1203.5367,21.388622
674,1201.709,21.390598
675,1199.8927,21.38906
676,1198.0757,21.39207
677,1196.2701,21.389215
678,1194.4615,21.393238
679,1192.6611,21.389618
680,1190.8533,21.393694
681,1189.0515,21.390661
682,1187.2466,21.393764
683,1185.4537,21.392462
684,1183.6663,21.393387
685,1181.8871,21.394117
686,1180.1174,21.39333
687,1178.3501,21.39581
688,1176.5924,21.393507
689,1174.833,21.396915
690,1173.0837,21.393738
691,1171.3279,21.397898
692,1169.5826,21.394585
693,1167.8312,21.39878
694,1166.0883,21.395538
695,1164.3431,21.398657
696,1162.6066,21.396738
697,1160.8723,21.3988
698,1159.1462,21.398222
699,1157.4249,21.398716
700,1155.71,21.399239
701,1154.0012,21.3989
702,1152.296,21.400608
703,1150.5989,21.39926
704,1148.9042,21.401842
705,1147.2173,21.399483
706,1145.5278,21.402824
707,1143.8479,21.400059
708,1142.1632,21.40364
709,1140.4858,21.401018
710,1138.8062,21.403862
711,1137.1348,21.402063
712,1135.4655,21.403667
713,1133.8029,21.403456
714,1132.1456,21.403986
715,1130.4952,21.40498
716,1128.8518,21.404
717,1127.2124,21.406315
718,1125.5819,21.403883
719,1123.9514,21.407602
720,1122.334,21.403948
721,1120.7128,21.408735
722,1119.0979,21.404202
723,1117.4718,21.409435
724,1115.853,21.405449
725,1114.2264,21.409592
726,1112.6116,21.407349
727,1111.0023,21.409138
728,1109.4032,21.409119
729,1107.8132,21.408743
730,1106.2279,21.410652
731,1104.6548,21.408499
732,1103.0813,21.4123
733,1101.5232,21.408337
734,1099.9594,21.413725
735,1098.4102,21.408344
736,1096.8431,21.414762
737,1095.2773,21.409225
738,1093.6945,21.414524
739,1092.124,21.411404
740,1090.5603,21.413727
741,1089.0133,21.413727
742,1087.4784,21.412817
743,1085.9501,21.415487
744,1084.4344,21.412333
745,1082.916,21.417162
746,1081.4147,21.412155
747,1079.8939,21.418564
748,1078.3834,21.41267
749,1076.8485,21.41892
750,1075.3226,21.414047
751,1073.7882,21.418331
752,1072.2703,21.41623
753,1070.7627,21.417276
754,1069.2678,21.418615
755,1067.7876,21.416733
756,1066.3104,21.420649
757,1064.8472,21.416138
758,1063.3738,21.422028
759,1061.9141,21.416225
760,1060.4335,21.42325
761,1058.9573,21.417206
762,1057.4592,21.422878
763,1055.9731,21.419031
764,1054.4928,21.421633
765,1053.0339,21.421886
766,1051.5927,21.420488
767,1050.1562,21.424072
768,1048.7313,21.41993
769,1047.2897,21.425484
770,1045.8488,21.420736
771,1044.3955,21.425638
772,1042.9496,21.422604
773,1041.5082,21.42486
774,1040.082,21.424929
775,1038.6678,21.424183
776,1037.2603,21.42678
777,1035.8649,21.423548
778,1034.4642,21.428267
779,1033.0701,21.423689
780,1031.6587,21.42894
781,1030.2537,21.424534
782,1028.8389,21.428543
783,1027.4365,21.426414
784,1026.039,21.428034
785,1024.6519,21.428263
786,1023.2744,21.427423
787,1021.90076,21.42998
788,1020.53955,21.427153
789,1019.17377,21.431442
790,1017.815,21.427057
791,1016.4426,21.432198
792,1015.07587,21.428083
793,1013.70123,21.432198
794,1012.33765,21.429321
795,1010.97577,21.43174
796,1009.62537,21.430828
797,1008.27747,21.431883
798,1006.93567,21.432192
799,1005.59845,21.431786
800,1004.26575,21.433111
801,1002.93933,21.431778
802,1001.61304,21.43443
803,1000.2959,21.431952
804,998.978,21.435492
805,997.6719,21.431961
806,996.35944,21.436586
807,995.05725,21.432194
808,993.74475,21.437346
809,992.4395,21.432825
810,991.1238,21.437462
811,989.8199,21.43414
812,988.51263,21.437551
813,987.21564,21.435652
814,985.92175,21.437164
815,984.6352,21.436872
816,983.3541,21.436844
817,982.0766,21.43827
818,980.80817,21.436602
819,979.54156,21.43939
820,978.28595,21.436209
821,977.0287,21.440819
822,975.78937,21.43599
823,974.53894,21.442192
824,973.30554,21.435652
825,972.051,21.44304
826,970.7989,21.436335
827,969.51886,21.443008
828,968.2518,21.438316
829,966.9849,21.441483
830,965.73944,21.440807
831,964.51654,21.439735
832,963.303,21.44324
833,962.10406,21.43869
834,960.8928,21.444963
835,959.6883,21.43871
836,958.4495,21.445393
837,957.215,21.439877
838,955.9732,21.444437
839,954.74884,21.442245
840,953.53705,21.443014
841,952.3411,21.444603
842,951.16064,21.442085
843,949.97504,21.44661
844,948.8036,21.441702
845,947.6137,21.447746
846,946.4234,21.442192
847,945.212,21.44721
848,944.01276,21.443798
849,942.81836,21.44619
850,941.6407,21.446228
851,940.47516,21.445095
852,939.3145,21.447891
853,938.16693,21.444275
854,937.01227,21.449436
855,935.87024,21.444027
856,934.7105,21.450174
857,933.5622,21.444304
858,932.3971,21.450615
859,931.2426,21.445377
860,930.0728,21.450367
861,928.91486,21.447086
862,927.76105,21.449457
863,926.6204,21.44904
864,925.4897,21.448359
865,924.36255,21.450619
866,923.2479,21.447834
867,922.1338,21.452087
868,921.0333,21.446991
869,919.9267,21.453348
870,918.82916,21.446724
871,917.70215,21.454082
872,916.5763,21.447716
873,915.4278,21.453228
874,914.2997,21.45028
875,913.1854,21.451458
876,912.08875,21.452707
877,911.0084,21.45011
878,909.92896,21.45489
879,908.86145,21.449495
880,907.7799,21.456194
881,906.7005,21.449572
882,905.5955,21.456434
883,904.4914,21.450836
884,903.3791,21.455181
885,902.28827,21.45314
886,901.2103,21.453812
887,900.1436,21.455538
888,899.09045,21.452936
889,898.0344,21.457214
890,896.9931,21.452343
891,895.9356,21.458525
892,894.8904,21.452374
893,893.8254,21.458916
894,892.76575,21.45298
895,891.6879,21.45857
896,890.62244,21.45486
897,889.557,21.457466
898,888.5074,21.457254
899,887.4729,21.456148
900,886.44336,21.459032
901,885.42804,21.455143
902,884.4049,21.460794
903,883.39886,21.454594
904,882.36774,21.461597
905,881.3343,21.45493
906,880.27765,21.461433
907,879.22943,21.457018
908,878.18353,21.459883
909,877.15894,21.459408
910,876.14984,21.458513
911,875.1457,21.461529
912,874.15497,21.457586
913,873.1562,21.462845
914,872.1671,21.457027
915,871.1529,21.46341
916,870.1447,21.457994
917,869.1184,21.463203
918,868.10455,21.459793
919,867.0953,21.461754
920,866.10034,21.461723
921,865.1173,21.460669
922,864.1362,21.463495
923,863.1675,21.45998
924,862.19385,21.464884
925,861.231,21.459341
926,860.2462,21.465677
927,859.265,21.460083
928,858.2665,21.46545
929,857.2766,21.461372
930,856.2868,21.46428
931,855.31226,21.46338
932,854.34393,21.463371
933,853.3813,21.464685
934,852.42786,21.462587
935,851.47363,21.46619
936,850.5306,21.462214
937,849.5831,21.467361
938,848.6457,21.461823
939,847.6856,21.467834
940,846.73254,21.462376
941,845.76605,21.467516
942,844.8099,21.46349
943,843.84875,21.46663
944,842.9018,21.465296
945,841.96045,21.465761
946,841.02563,21.4666
947,840.0959,21.465357
948,839.16754,21.468002
949,838.249,21.464891
950,837.32904,21.468933
951,836.427,21.464203
952,835.5133,21.47041
953,834.6204,21.463669
954,833.7021,21.47137
955,832.7798,21.464344
956,831.82947,21.470882
957,830.8919,21.465954
958,829.95636,21.469065
959,829.0425,21.468622
960,828.1437,21.46766
961,827.2511,21.47057
962,826.3729,21.466436
963,825.4873,21.472155
964,824.61707,21.465914
965,823.7268,21.473309
966,822.84106,21.466011
967,821.9262,21.473297
968,821.0146,21.467386
969,820.0932,21.472078
970,819.1928,21.469639
971,818.3022,21.470774
972,817.422,21.471695
973,816.5534,21.469582
974,815.6828,21.473158
975,814.8277,21.468868
976,813.9642,21.474466
977,813.11176,21.468382
978,812.2426,21.475307
979,811.3779,21.468765
980,810.4881,21.475487
981,809.60706,21.47012
982,808.71643,21.47462
983,807.8412,21.472164
984,806.97614,21.473068
985,806.1199,21.473923
986,805.27435,21.472078
987,804.4327,21.475872
988,803.60205,21.47118
989,802.76086,21.476711
990,801.9325,21.470459
991,801.08704,21.477886
992,800.2496,21.470955
993,799.3856,21.477886
994,798.527,21.47194
995,797.657,21.476961
996,796.8035,21.47388
997,795.95624,21.475285
998,795.1207,21.475727
999,794.2953,21.474407
